image_name;mitochondrion_id;centroid_x;centroid_y;area_px;class_2000;class_3000;class_4000;class_5000;class_6000;class_7000;class_8000;class_9000;class_10000;class_11000;class_12000;class_13000;total_cristae
C2_002_30000x_mito;1;617.384;830.773;82610;2;0;3;14;0;0;2;0;0;0;0;0;21
C2_002_30000x_mito;2;1085.211;560.158;38;0;0;0;0;0;0;0;0;0;0;0;0;0
C2_002_30000x_mito;3;1100.6;563.971;35;0;0;0;0;0;0;0;0;0;0;0;0;0
C2_002_30000x_mito;4;1545.881;1566.901;3576;0;0;3;0;0;0;0;0;1;0;0;0;4
C2_006_20000x_mito;1;24.631;760.949;3714;0;0;4;0;0;0;0;0;0;0;0;0;4
C2_006_20000x_mito;2;227.953;653.983;3184;0;0;1;1;0;0;0;0;0;0;0;0;2
C2_006_20000x_mito;3;1075.105;1170.214;17090;0;0;2;2;1;0;1;0;2;0;0;0;8
C2_011_30000x_mito;1;20.925;293.254;3390;0;1;0;1;0;0;0;0;0;0;0;0;2
C2_011_30000x_mito;2;615.77;605.544;67907;0;0;2;6;2;0;3;0;0;0;0;0;13
C2_011_30000x_mito;3;1580.261;898.234;12395;0;1;2;0;0;0;1;0;0;0;0;0;4
C2_016_25000x_mito;1;88.253;969.251;4693;0;0;0;1;0;0;0;0;0;0;0;0;1
C2_016_25000x_mito;2;759.897;719.382;14803;0;0;0;1;0;0;0;0;0;0;0;0;1
C2_016_25000x_mito;3;982.576;893.237;46435;1;2;2;6;0;0;1;0;1;0;0;0;13
C2_016_25000x_mito;4;1218.554;805.378;13541;0;2;1;2;0;0;0;0;0;0;0;0;5
C2_016_25000x_mito;5;1690.006;920.074;8303;0;0;0;1;0;0;0;0;0;1;0;0;2
C2_016_25000x_mito;6;1927.918;1087.987;31251;0;0;0;2;0;0;0;0;4;0;0;0;6
C2_024_30000x_mito;1;263.834;483.815;47446;0;0;0;7;0;0;1;0;0;0;0;0;8
C2_024_30000x_mito;2;387.588;328.436;120916;5;2;9;7;4;0;10;0;0;0;0;0;37
C2_024_30000x_mito;3;586.3;457.5;10;0;0;0;0;0;0;0;0;0;0;0;0;0
C2_024_30000x_mito;4;591.364;465.727;11;0;0;0;0;0;0;0;0;0;0;0;0;0
C2_024_30000x_mito;5;1079.434;1278.211;89954;0;3;3;10;2;0;4;0;0;1;0;0;23
C2_024_30000x_mito;6;1197.4;1356.3;10;0;0;0;0;0;0;0;0;0;0;0;0;0
C2_030_30000x_mito;1;433.504;340.018;54502;0;2;2;5;0;0;4;2;0;0;0;0;15
C2_030_30000x_mito;2;1213.419;613.625;11594;0;0;0;1;0;0;0;0;0;0;0;0;1
C2_030_30000x_mito;3;1460.013;634.649;24473;1;2;0;2;0;1;0;0;0;1;0;0;7
C2_039_25000x_mito;1;115.206;876.248;9970;0;0;1;1;0;0;0;0;0;1;0;0;3
C2_039_25000x_mito;2;216.441;681.703;23046;0;0;1;1;1;0;0;0;0;0;0;0;3
C2_039_25000x_mito;3;261.555;1077.557;19165;0;1;0;3;0;0;1;0;0;0;0;0;5
C2_039_25000x_mito;4;481.237;469.392;26945;0;0;0;3;0;1;1;0;0;0;0;0;5
C2_039_25000x_mito;5;586.321;1504.65;12435;0;3;1;4;0;0;0;0;0;0;0;0;8
C2_039_25000x_mito;6;591.463;1289.448;16920;0;1;0;2;0;0;0;0;0;0;0;0;3
C2_039_25000x_mito;7;676.015;642.236;51756;0;2;2;5;0;0;0;0;0;0;0;0;9
C2_039_25000x_mito;8;747.628;1335.693;11546;1;0;1;0;0;0;1;0;0;0;0;0;3
C2_039_25000x_mito;9;846.06;1212.468;11712;0;0;1;0;0;0;0;0;0;0;0;0;1
C2_039_25000x_mito;10;862.841;743.474;8099;0;0;1;3;0;0;0;0;0;0;0;0;4
C2_039_25000x_mito;11;924.988;666.092;4905;0;0;0;0;0;0;0;0;0;0;0;0;0
C2_039_25000x_mito;12;1043.951;1221.756;33061;3;5;2;3;1;0;0;0;0;0;0;0;14
C2_039_25000x_mito;13;1080.765;669.93;49679;1;4;5;6;1;1;1;0;0;3;0;0;22
C2_039_25000x_mito;14;1485.062;1663.933;9330;2;1;1;0;0;0;0;0;0;0;0;0;4
C2_039_25000x_mito;15;1497.578;1557.325;34387;1;2;1;6;0;0;2;0;0;0;0;0;12
P10_R_HD_fibro_001_mito;1;1178.865;1514.205;47230;0;1;0;0;0;0;3;0;0;0;0;0;4
P10_R_HD_fibro_002_mito;1;887.339;1080.441;92031;0;0;5;5;0;0;4;0;0;0;0;0;14
P10_R_HD_fibro_002_mito;2;1483.542;911.765;76749;0;0;1;2;0;0;0;0;0;0;0;0;3
P10_R_HD_fibro_003_mito;1;894.269;941.305;38608;0;0;0;0;0;2;1;0;0;0;0;0;3
P10_R_HD_fibro_003_mito;2;1081.696;1731.932;90302;0;3;6;5;1;1;1;0;0;0;0;0;17
P10_R_HD_fibro_004_mito;1;826.922;961.025;177310;4;3;11;10;0;0;5;0;0;0;0;0;33
P10_R_HD_fibro_004_mito;2;994.434;1497.711;161341;0;3;2;7;3;3;1;0;0;1;0;0;20
P10_R_HD_fibro_005_mito;1;153.864;1233.682;61659;0;0;0;2;0;0;0;0;0;0;0;0;2
P10_R_HD_fibro_005_mito;2;897.935;1294.078;136696;1;2;0;1;0;0;1;0;0;0;0;0;5
P10_R_HD_fibro_006_mito;1;583.999;1049.431;32678;0;0;0;3;0;0;0;0;0;1;0;0;4
P10_R_HD_fibro_006_mito;2;834.093;638.331;8061;0;0;0;3;0;0;0;0;0;0;0;0;3
P10_R_HD_fibro_006_mito;3;877.636;296.989;6731;0;1;0;0;0;0;0;0;0;0;0;0;1
P10_R_HD_fibro_006_mito;4;1197.389;1818.2;26277;0;0;0;1;0;0;0;0;0;0;0;0;1
P10_R_HD_fibro_007_mito;1;1155.255;1567.966;40723;0;1;1;2;0;0;0;0;0;0;0;0;4
P10_R_HD_fibro_007_mito;2;1256.59;1029.558;68152;0;0;0;3;0;0;5;0;0;0;0;0;8
P10_R_HD_fibro_009_mito;1;975.902;1080.897;128829;1;5;2;5;1;0;2;0;0;1;0;0;17
P10_R_HD_fibro_009_mito;2;1080.493;2278.746;44449;0;0;2;3;0;0;0;0;0;0;0;0;5
P10_R_HD_fibro_009_mito;3;1423.576;1833.901;63235;1;0;2;5;2;0;1;0;0;0;0;0;11
P10_R_HD_fibro_009_mito;4;1583.923;163.461;34039;0;0;0;1;1;0;0;0;0;0;0;0;2
P10_R_HD_fibro_010_mito;1;361.775;1687.273;130442;2;2;1;9;0;0;7;0;0;1;0;0;22
P10_R_HD_fibro_010_mito;2;539.686;1319.132;9883;0;0;0;0;0;0;1;0;0;0;0;0;1
P10_R_HD_fibro_010_mito;3;1156.608;766.01;137710;6;1;6;7;0;2;7;0;0;0;0;0;29
P1_F_HD_fibro_001_500x_mito;1;294.894;903.716;25666;0;0;0;0;0;0;0;0;0;0;0;0;0
P1_F_HD_fibro_001_500x_mito;2;459.034;1270.322;24510;0;0;0;0;0;0;0;0;0;0;0;0;0
P1_F_HD_fibro_001_500x_mito;3;545.469;1711.062;15641;0;0;0;0;0;0;0;0;0;0;0;0;0
P1_F_HD_fibro_001_500x_mito;4;616.135;1545.483;32885;0;0;6;1;0;0;1;0;0;0;0;0;8
P1_F_HD_fibro_001_500x_mito;5;684.608;2208.839;70249;0;0;5;5;2;0;0;0;0;0;0;0;12
P1_F_HD_fibro_002_200x_mito;1;366.18;1198.32;46452;0;0;0;0;0;0;1;0;0;0;0;0;1
P1_F_HD_fibro_002_200x_mito;2;658.475;1181.505;32401;0;0;0;0;0;0;0;0;0;0;0;0;0
P1_F_HD_fibro_002_200x_mito;3;907.472;1581.933;42997;0;0;0;0;1;0;0;0;0;0;0;0;1
P1_F_HD_fibro_002_200x_mito;4;911.901;1106.157;52720;0;0;0;0;0;0;0;0;0;0;0;0;0
P1_F_HD_fibro_002_200x_mito;5;1090.283;1310.842;21821;0;0;0;2;0;0;2;0;0;0;0;0;4
P1_F_HD_fibro_002_200x_mito;6;1199.03;1639.421;53818;0;0;0;2;0;0;0;0;0;0;0;0;2
P1_F_HD_fibro_004_200x_mito;1;523.929;1639.404;98258;0;0;0;9;2;0;1;0;0;0;0;0;12
P1_F_HD_fibro_004_200x_mito;2;620.898;2099.506;23867;0;0;0;0;1;0;0;0;0;0;0;0;1
P1_F_HD_fibro_004_200x_mito;3;709.695;1816.829;94626;0;0;0;6;0;0;2;0;0;0;0;0;8
P1_F_HD_fibro_004_200x_mito;4;1095.989;1538.11;71148;0;0;2;0;0;0;2;0;0;0;0;0;4
P1_F_HD_fibro_005_200x_mito;1;969.647;1302.786;293629;0;0;3;1;0;0;4;0;0;0;0;0;8
P1_F_HD_fibro_006_200x_mito;1;246.625;998.488;31643;0;0;0;5;0;0;0;0;0;0;0;0;5
P1_F_HD_fibro_006_200x_mito;2;297.954;1529.371;122552;0;0;3;2;0;0;0;0;0;1;0;0;6
P1_F_HD_fibro_006_200x_mito;3;618.367;1001.193;284059;1;0;8;11;0;0;6;0;0;0;0;0;26
P1_F_HD_fibro_007_200x_mito;1;65.272;577.834;33032;0;0;1;0;0;0;0;0;0;0;0;0;1
P1_F_HD_fibro_007_200x_mito;2;183.976;1285.427;62569;0;0;0;1;0;0;2;0;0;0;0;0;3
P1_F_HD_fibro_007_200x_mito;3;248.683;616.185;22773;0;0;0;4;0;0;0;0;0;0;0;0;4
P1_F_HD_fibro_007_200x_mito;4;287.254;1633.755;35579;0;0;1;0;0;0;0;0;0;0;0;0;1
P1_F_HD_fibro_007_200x_mito;5;451.555;566.285;28131;0;0;0;0;0;0;0;0;0;0;0;0;0
P1_F_HD_fibro_007_200x_mito;6;547.058;976.883;79148;0;0;1;0;0;0;1;0;0;0;0;0;2
P1_F_HD_fibro_007_200x_mito;7;672.708;2185.634;142358;0;0;2;0;0;0;0;0;0;0;0;0;2
P1_F_HD_fibro_007_200x_mito;8;930.148;1643.124;73282;0;0;1;0;0;3;0;0;0;0;7;0;11
P1_F_HD_fibro_007_200x_mito;9;951.725;2092.845;10502;0;0;0;0;0;0;0;0;0;0;0;0;0
P1_F_HD_fibro_007_200x_mito;10;1333.948;1149.282;141173;0;0;11;0;3;7;0;0;0;0;0;0;21
P1_F_HD_fibro_007_200x_mito;11;1415.91;2235.777;45821;0;0;3;3;0;0;0;0;0;0;0;0;6
P2_N_HD_fibro_002_500x_mito;1;451.236;532.093;72581;0;1;8;7;1;1;14;0;0;5;0;0;37
P2_N_HD_fibro_002_500x_mito;2;877.238;618.436;19528;1;0;1;3;0;0;2;0;0;0;0;0;7
P2_N_HD_fibro_002_500x_mito;3;913.931;931.13;21542;0;0;5;1;0;0;0;0;0;1;0;0;7
P2_N_HD_fibro_002_500x_mito;4;1101.235;970.756;13763;0;0;0;1;0;0;2;0;0;0;0;0;3
P2_N_HD_fibro_002_500x_mito;5;1126.756;1711.808;22911;0;0;5;2;0;0;2;0;0;1;0;0;10
P2_N_HD_fibro_002_500x_mito;6;1175.5;1901.026;13527;0;0;2;0;0;0;1;0;0;0;0;0;3
P2_N_HD_fibro_002_500x_mito;7;1215.576;803.16;15833;0;0;2;1;0;0;0;0;0;1;0;0;4
P2_N_HD_fibro_002_500x_mito;8;1233.473;1051.852;7470;0;0;1;2;0;0;0;0;0;0;0;0;3
P2_N_HD_fibro_002_500x_mito;9;1326.493;1309.736;19428;2;0;2;2;0;0;1;0;0;1;0;0;8
P2_N_HD_fibro_002_500x_mito;10;1471.647;1336.341;32317;1;0;1;4;0;0;4;0;0;4;0;0;14
P2_N_HD_fibro_002_500x_mito;11;1491.607;1928.631;28527;2;2;2;0;0;0;1;0;0;0;0;0;7
P2_N_HD_fibro_002_500x_mito;12;1503.261;1711.536;15365;0;0;1;1;0;0;0;0;0;0;0;0;2
P2_N_HD_fibro_002_500x_mito;13;1593.859;2289.177;23646;0;0;0;3;0;0;1;0;0;1;0;0;5
P2_N_HD_fibro_002_500x_mito;14;1643.698;2161.917;20212;0;0;5;3;2;0;0;0;0;0;0;0;10
P2_N_HD_fibro_002_500x_mito;15;1686.248;2437.8;11476;0;0;0;1;0;0;0;0;0;0;0;0;1
P2_N_HD_fibro_003_mito;1;625.533;1272.498;55174;0;0;0;0;2;0;0;0;0;0;0;0;2
P2_N_HD_fibro_003_mito;2;926.232;1194.992;54104;0;0;0;0;0;0;0;0;0;0;0;0;0
P2_N_HD_fibro_003_mito;3;1192.734;776.449;60980;0;0;0;0;0;0;0;0;0;0;0;0;0
P2_N_HD_fibro_003_mito;4;1348.157;1428.068;65972;0;0;0;1;0;0;3;0;0;0;0;0;4
P2_N_HD_fibro_004_mito;1;424.939;889.227;57799;0;0;2;3;0;0;1;0;0;2;0;0;8
P2_N_HD_fibro_004_mito;2;724.998;782.69;84031;0;2;0;3;0;0;1;0;0;0;0;0;6
P2_N_HD_fibro_004_mito;3;1197.163;1593.487;39114;0;1;0;2;1;0;1;0;0;0;0;0;5
P2_N_HD_fibro_004_mito;4;1346.626;970.174;89947;0;1;1;2;0;1;4;0;0;0;0;0;9
P2_N_HD_fibro_005_mito;1;558.188;787.005;75427;0;0;1;1;0;0;0;0;0;0;0;0;2
P2_N_HD_fibro_005_mito;2;732.552;1021.199;89927;0;0;3;2;0;0;1;0;0;0;0;0;6
P2_N_HD_fibro_005_mito;3;1566.859;1618.825;111482;0;0;1;1;0;0;2;0;0;0;0;0;4
P2_N_HD_fibro_006_mito;1;864.386;2304.272;8760;0;0;0;0;0;0;0;0;0;0;0;0;0
P2_N_HD_fibro_006_mito;2;1283.838;1434.588;149191;0;0;0;4;0;0;2;0;0;2;0;0;8
P2_N_HD_fibro_008_500x_mito;1;559.63;1199.898;23903;0;1;1;1;0;0;0;0;0;0;0;0;3
P2_N_HD_fibro_008_500x_mito;2;946.507;998.122;21480;0;2;0;0;0;0;0;0;0;0;0;0;2
P2_N_HD_fibro_008_500x_mito;3;998.361;1585.183;83727;0;0;4;6;0;2;7;0;0;1;0;0;20
P2_N_HD_fibro_008_500x_mito;4;1219.485;1626.501;85271;0;1;4;5;0;0;3;0;0;0;0;0;13
P2_N_HD_fibro_010_mito;1;561.823;1040.641;104158;0;0;2;10;0;0;1;0;0;0;0;0;13
P2_N_HD_fibro_010_mito;2;1329.055;927.62;15150;0;0;0;1;0;0;0;0;0;0;0;0;1
P2_N_HD_fibro_010_mito;3;1685.196;1125.355;40917;0;0;1;5;0;0;0;0;0;0;0;0;6
P2_N_HD_fibro_011_mito;1;472.407;645.433;27803;0;0;2;0;0;0;0;0;0;0;0;0;2
P2_N_HD_fibro_011_mito;2;674.877;861.241;52580;1;0;0;1;0;0;0;0;0;0;0;0;2
P2_N_HD_fibro_011_mito;3;1280.314;1178.602;29408;0;0;0;3;0;0;0;0;0;0;0;0;3
P2_N_HD_fibro_011_mito;4;1567.217;1490.559;91831;1;0;4;2;0;0;2;0;0;0;0;0;9
P2_N_HD_fibro_012_mito;1;1014.266;1670.51;140586;0;0;3;2;1;0;0;0;0;0;0;0;6
P2_N_HD_fibro_012_mito;2;1210.365;1030.789;89633;0;0;3;0;0;0;1;0;0;0;0;0;4
P2_N_HD_fibro_012_mito;3;1287.506;1783.418;49005;0;0;0;4;0;0;0;0;0;0;0;0;4
P2_N_HD_fibro_012_mito;4;1580.342;1427.646;101822;0;0;0;1;1;0;0;0;0;0;0;0;2
P3_P_HD_fibro_001_mito;1;480.888;659.602;86234;0;0;3;2;0;0;1;0;0;0;0;0;6
P3_P_HD_fibro_001_mito;2;885.404;831.012;31758;1;0;2;0;0;0;1;0;0;0;0;0;4
P3_P_HD_fibro_001_mito;3;942.439;1267.015;109487;0;0;3;1;0;0;2;0;0;1;0;0;7
P3_P_HD_fibro_001_mito;4;951.604;997.634;174664;1;0;7;1;0;1;5;0;0;0;0;0;15
P3_P_HD_fibro_001_mito;5;1481.459;950.165;104865;0;0;0;1;0;0;2;0;0;0;0;0;3
P3_P_HD_fibro_002_mito;1;367.361;2259.784;70584;1;2;4;2;0;0;5;0;0;5;0;0;19
P3_P_HD_fibro_002_mito;2;687.59;1612.439;80457;0;0;2;2;0;0;6;0;0;0;0;0;10
P3_P_HD_fibro_002_mito;3;1343.403;727.852;114376;1;2;3;7;0;0;17;0;0;0;0;0;30
P3_P_HD_fibro_003_mito;1;368.464;766.041;112711;1;2;1;6;0;1;2;0;0;0;0;0;13
P3_P_HD_fibro_003_mito;2;1125.522;1363.068;18570;0;0;0;0;0;0;1;0;0;0;0;0;1
P3_P_HD_fibro_003_mito;3;1457.412;738.447;88506;0;1;0;3;0;0;0;0;0;0;0;0;4
P3_P_HD_fibro_003_mito;4;1506.559;1315.013;39850;0;0;1;0;0;0;1;0;1;0;0;0;3
P3_P_HD_fibro_003_mito;5;1546.352;1467.208;26993;0;0;0;2;0;0;0;0;0;0;0;0;2
P3_P_HD_fibro_004_mito;1;589.495;1988.396;120704;0;3;0;0;0;4;1;0;3;2;0;0;13
P3_P_HD_fibro_004_mito;2;1307.478;895.02;236055;0;1;0;3;0;0;4;0;0;1;0;0;9
P3_P_HD_fibro_005_mito;1;269.577;2364.379;51877;0;0;0;2;0;0;2;0;0;3;0;0;7
P3_P_HD_fibro_005_mito;2;1544.731;1200.07;121432;1;0;2;2;0;0;3;0;0;0;0;0;8
P3_P_HD_fibro_005_mito;3;1652.25;1007.667;12;0;0;0;0;0;0;0;0;0;0;0;0;0
P3_P_HD_fibro_005_mito;4;1652.462;893.308;13;0;0;0;0;0;0;0;0;0;0;0;0;0
P3_P_HD_fibro_006_mito;1;677.85;1654.437;301962;1;0;0;3;0;0;3;0;0;0;0;0;7
P3_P_HD_fibro_006_mito;2;1384.784;1261.499;170348;0;0;2;4;0;0;2;0;0;1;0;0;9
P3_P_HD_fibro_007_mito;1;248.071;1226.184;37773;2;2;1;1;0;0;2;0;0;0;0;0;8
P3_P_HD_fibro_007_mito;2;408.229;454.553;14532;0;0;0;1;0;0;2;0;0;0;0;0;3
P3_P_HD_fibro_007_mito;3;425.278;1072.112;19211;3;1;0;1;1;0;1;0;0;0;0;0;7
P3_P_HD_fibro_007_mito;4;474.98;572.19;15824;0;1;0;1;0;0;0;0;0;0;0;0;2
P3_P_HD_fibro_007_mito;5;958.447;1827.831;46732;2;0;7;11;0;0;4;0;0;0;0;0;24
P3_P_HD_fibro_007_mito;6;1373.049;814.384;26845;0;0;3;2;0;0;1;0;0;0;0;0;6
P3_P_HD_fibro_007_mito;7;1509.074;993.299;21440;0;0;0;3;0;0;1;0;0;0;0;0;4
P3_P_HD_fibro_008_mito;1;1182.449;1216.863;243580;0;0;8;7;2;0;8;0;0;0;0;0;25
P3_P_HD_fibro_009_mito;1;381.05;904.665;204199;3;0;1;1;0;0;14;0;0;0;0;0;19
P3_P_HD_fibro_009_mito;2;1311.172;1425.546;48111;0;0;0;5;0;0;1;0;0;0;0;0;6
P4_S_HD_fibro_011_mito;1;67.473;1265.085;16489;0;0;3;2;0;0;0;0;0;0;0;0;5
P4_S_HD_fibro_011_mito;2;662.175;1224.902;34435;0;0;4;3;0;0;4;0;0;0;0;0;11
P4_S_HD_fibro_011_mito;3;1640.153;1329.115;19773;1;2;0;0;0;0;0;0;0;0;0;0;3
P4_S_HD_fibro_011_mito;4;1671.381;1951.472;28605;0;1;2;1;0;0;1;0;0;0;0;0;5
P4_S_HD_fibro_012_mito;1;834.931;1596.389;31723;0;0;0;2;0;0;0;0;0;0;0;0;2
P4_S_HD_fibro_012_mito;2;945.333;1715.052;29597;0;0;2;0;1;0;4;0;0;1;0;0;8
P4_S_HD_fibro_012_mito;3;1146.897;1102.294;23268;0;0;0;2;0;0;0;0;0;0;0;0;2
P4_S_HD_fibro_012_mito;4;1172.741;775.502;43041;0;0;0;1;1;0;7;0;2;0;0;0;11
P4_S_HD_fibro_013_mito;1;718.623;1903.884;215827;0;0;6;4;0;0;9;0;0;4;0;0;23
P4_S_HD_fibro_013_mito;2;1233.23;982.656;381798;0;0;5;3;0;0;4;0;0;2;0;0;14
P4_S_HD_fibro_014_mito;1;408.742;998.764;84036;0;0;1;4;0;0;2;0;0;0;0;0;7
P4_S_HD_fibro_014_mito;2;425.831;600.794;58678;0;0;2;1;0;0;1;0;2;0;0;0;6
P4_S_HD_fibro_014_mito;3;591.243;1624.739;66780;0;0;0;1;0;0;0;0;0;0;0;0;1
P4_S_HD_fibro_014_mito;4;663.064;324.808;70771;1;0;0;1;0;0;2;0;1;0;0;0;5
P4_S_HD_fibro_014_mito;5;742.137;1257.508;179261;0;0;2;2;0;0;4;0;0;0;0;0;8
P4_S_HD_fibro_014_mito;6;855.369;868.077;139544;0;0;1;1;0;0;5;0;0;0;0;0;7
P4_S_HD_fibro_014_mito;7;932.799;478.217;107068;2;0;6;0;0;0;1;0;0;0;0;0;9
P4_S_HD_fibro_014_mito;8;944.67;1509.655;39231;0;0;2;0;0;0;0;0;0;3;0;0;5
P4_S_HD_fibro_014_mito;9;1053.615;1721.155;55017;0;0;6;2;0;0;1;0;0;0;0;0;9
P4_S_HD_fibro_014_mito;10;1398.174;960.782;95536;1;0;2;0;0;0;1;0;0;0;0;0;4
P4_S_HD_fibro_014_mito;11;1423.31;538.504;79642;0;0;1;0;0;0;2;0;0;0;0;0;3
P4_S_HD_fibro_014_mito;12;1537.725;1230.93;115982;0;0;3;0;0;1;4;0;0;0;0;0;8
P4_S_HD_fibro_015_mito;1;306.852;1229.585;422140;0;6;2;0;0;0;11;0;0;0;0;0;19
P4_S_HD_fibro_016_mito;1;971.778;1565.028;266287;0;0;9;0;0;0;10;0;0;6;0;0;25
P4_S_HD_fibro_016_mito;2;1384.889;1693.615;45101;0;0;0;0;0;0;1;2;0;0;0;0;3
P4_S_HD_fibro_017_mito;1;582.259;851.069;119323;1;0;8;0;0;0;3;0;0;0;0;0;12
P4_S_HD_fibro_017_mito;2;894.214;841.503;141197;3;0;11;2;0;0;3;0;0;1;0;0;20
P4_S_HD_fibro_017_mito;3;1007.328;1653.237;106723;2;0;6;0;0;0;3;0;0;2;0;0;13
P4_S_HD_fibro_017_mito;4;1481.875;1164.244;56193;1;0;0;1;0;0;1;0;0;0;0;0;3
P4_S_HD_fibro_017_mito;5;1670.58;814.103;19930;0;0;0;0;0;0;2;0;0;0;0;0;2
P4_S_HD_fibro_017_mito;6;1688.53;235.968;39387;1;0;2;0;0;0;1;0;0;0;0;0;4
P4_S_HD_fibro_018_mito;1;1040.185;466.285;111779;0;0;0;0;2;0;0;0;0;0;0;0;2
P4_S_HD_fibro_018_mito;2;1103.273;2019.907;177717;0;0;1;3;0;0;1;0;0;0;0;0;5
P4_S_HD_fibro_019_mito;1;8.0;1638.0;23;0;0;0;0;0;0;0;0;0;0;0;0;0
P4_S_HD_fibro_019_mito;2;96.536;1706.913;33818;0;0;1;0;0;0;1;0;0;0;0;0;2
P4_S_HD_fibro_019_mito;3;241.845;1506.113;66634;0;0;4;1;0;0;3;0;0;0;0;0;8
P4_S_HD_fibro_019_mito;4;446.893;122.059;35657;0;0;1;1;0;0;0;0;0;0;0;0;2
P4_S_HD_fibro_019_mito;5;591.287;1193.002;33279;0;1;3;0;0;0;0;0;0;0;0;0;4
P4_S_HD_fibro_019_mito;6;635.487;837.438;32139;0;1;9;0;0;0;0;0;0;0;0;0;10
P4_S_HD_fibro_019_mito;7;822.667;1483.903;38271;4;0;1;0;0;0;8;0;0;0;0;0;13
P4_S_HD_fibro_019_mito;8;845.881;1016.204;20538;0;0;1;1;0;0;0;0;0;0;0;0;2
P4_S_HD_fibro_019_mito;9;965.512;698.017;83930;2;0;7;5;0;0;1;0;0;0;0;0;15
P4_S_HD_fibro_019_mito;10;975.837;408.317;11594;0;0;5;2;0;0;0;0;0;0;0;0;7
P4_S_HD_fibro_019_mito;11;1675.022;817.313;92832;0;0;7;1;0;0;2;0;0;0;0;0;10
P5_Sp_HD_fibro_012_mito;1;36.074;1602.113;6484;0;0;0;1;0;0;0;0;0;0;0;0;1
P5_Sp_HD_fibro_012_mito;2;491.852;1789.005;48596;0;0;0;7;0;0;1;0;0;0;0;0;8
P5_Sp_HD_fibro_012_mito;3;543.623;1616.416;25738;0;0;0;1;0;0;0;0;0;0;0;0;1
P5_Sp_HD_fibro_012_mito;4;779.758;2148.374;51561;1;0;2;2;0;0;1;0;0;0;0;0;6
P5_Sp_HD_fibro_012_mito;5;837.581;1815.095;29749;0;1;0;1;0;0;0;0;0;0;0;0;2
P5_Sp_HD_fibro_012_mito;6;943.928;2016.054;29082;0;0;0;0;0;0;1;0;3;0;0;0;4
P5_Sp_HD_fibro_012_mito;7;1050.597;413.988;52145;0;0;0;2;2;0;1;0;0;0;0;0;5
P5_Sp_HD_fibro_012_mito;8;1145.549;1353.576;29750;0;1;0;2;0;0;1;0;0;0;0;0;4
P5_Sp_HD_fibro_012_mito;9;1307.595;1092.974;94733;0;3;2;9;0;0;2;0;0;0;0;0;16
P5_Sp_HD_fibro_012_mito;10;1514.396;898.765;99711;1;0;2;6;1;0;3;0;0;0;0;0;13
P5_Sp_HD_fibro_012_mito;11;1670.1;1398.304;22490;0;0;0;1;0;0;2;0;0;0;0;0;3
P5_Sp_HD_fibro_012_mito;12;1787.0;1385.462;13;0;0;0;0;0;0;0;0;0;0;0;0;0
P5_Sp_HD_fibro_013_mito;1;418.716;883.418;58239;0;0;1;0;0;0;0;0;0;0;0;0;1
P5_Sp_HD_fibro_013_mito;2;601.455;1787.838;207948;0;0;3;1;0;0;5;0;0;0;0;0;9
P5_Sp_HD_fibro_013_mito;3;1280.53;1426.075;118158;0;0;3;1;0;0;0;0;0;0;0;0;4
P5_Sp_HD_fibro_013_mito;4;1289.446;634.806;176110;0;0;3;2;0;0;0;0;0;0;0;0;5
P5_Sp_HD_fibro_013_mito;5;1335.18;896.782;61844;0;0;0;1;0;0;0;0;0;0;0;0;1
P5_Sp_HD_fibro_014_mito;1;574.637;548.037;171222;0;2;1;4;0;0;0;0;0;0;0;0;7
P5_Sp_HD_fibro_014_mito;2;902.676;1709.813;129541;0;3;0;2;0;0;0;0;0;0;0;0;5
P5_Sp_HD_fibro_015_mito;1;163.004;321.963;8139;0;0;0;2;0;0;0;0;0;0;0;0;2
P5_Sp_HD_fibro_015_mito;2;174.334;1529.361;27084;0;4;0;0;0;0;0;0;0;0;0;0;4
P5_Sp_HD_fibro_015_mito;3;414.422;750.152;6507;0;0;0;2;0;0;0;0;0;0;0;0;2
P5_Sp_HD_fibro_015_mito;4;452.649;1483.385;20191;0;0;0;0;0;0;0;0;0;0;0;0;0
P5_Sp_HD_fibro_015_mito;5;551.543;736.096;25244;0;4;1;3;0;0;0;0;0;0;0;0;8
P5_Sp_HD_fibro_015_mito;6;782.401;720.83;19033;0;0;1;0;0;0;0;0;0;0;0;0;1
P5_Sp_HD_fibro_015_mito;7;931.876;1136.858;7027;0;0;0;0;0;0;0;0;0;0;0;0;0
P5_Sp_HD_fibro_015_mito;8;1037.937;1282.623;85029;0;9;3;3;0;0;3;0;1;0;0;0;19
P5_Sp_HD_fibro_015_mito;9;1068.751;1150.121;23687;0;0;0;0;0;0;0;0;0;0;0;0;0
P5_Sp_HD_fibro_015_mito;10;1226.323;2049.087;21142;0;6;2;2;0;0;0;0;0;0;0;0;10
P5_Sp_HD_fibro_015_mito;11;1271.157;2001.456;9389;0;0;0;3;0;0;0;0;0;0;0;0;3
P5_Sp_HD_fibro_015_mito;12;1501.948;1887.202;25049;0;0;0;2;0;0;0;0;1;0;0;0;3
P5_Sp_HD_fibro_015_mito;13;1730.846;1326.84;10418;0;1;0;1;0;0;0;0;0;0;0;0;2
P5_Sp_HD_fibro_016_mito;1;901.808;1771.842;228554;0;4;8;13;1;0;5;0;1;0;0;0;32
P5_Sp_HD_fibro_016_mito;2;1455.757;1007.927;66885;0;4;0;0;0;0;0;0;0;0;0;0;4
P5_Sp_HD_fibro_017_mito;1;1137.841;1450.034;323480;0;1;1;3;0;0;1;0;2;0;0;0;8
P5_Sp_HD_fibro_017_mito;2;1602.339;321.823;27316;0;0;0;2;0;0;0;0;0;0;0;0;2
P5_Sp_HD_fibro_018_mito;1;715.418;1356.874;10151;0;0;0;0;0;0;0;0;0;0;0;0;0
P5_Sp_HD_fibro_018_mito;2;744.126;1508.717;11508;0;0;0;0;0;0;0;0;0;0;0;0;0
P5_Sp_HD_fibro_018_mito;3;898.716;1623.594;15545;0;0;0;0;0;0;0;0;0;0;0;0;0
P5_Sp_HD_fibro_018_mito;4;1123.151;1554.907;12296;0;0;0;2;0;0;0;0;0;0;0;0;2
P5_Sp_HD_fibro_018_mito;5;1266.57;1499.466;24214;0;0;0;0;0;0;0;0;0;0;0;0;0
P5_Sp_HD_fibro_018_mito;6;1298.041;978.105;7140;0;0;0;1;0;0;0;0;0;0;0;0;1
P5_Sp_HD_fibro_018_mito;7;1318.134;1130.328;20206;0;0;0;3;0;0;0;0;0;0;0;0;3
P5_Sp_HD_fibro_018_mito;8;1445.112;1365.766;19606;0;0;0;0;0;0;0;0;0;0;0;0;0
P5_Sp_HD_fibro_018_mito;9;1555.628;1203.035;9902;0;0;0;0;0;0;0;0;0;0;0;0;0
P5_Sp_HD_fibro_019_mito;1;138.372;1327.923;13437;0;0;0;2;0;0;0;0;0;0;0;0;2
P5_Sp_HD_fibro_019_mito;2;211.558;201.715;21353;0;1;2;1;0;0;0;0;0;0;0;0;4
P5_Sp_HD_fibro_019_mito;3;585.843;277.57;8871;0;3;0;2;0;0;0;0;0;0;0;0;5
P5_Sp_HD_fibro_019_mito;4;950.244;1068.425;13334;0;1;0;3;0;0;0;0;0;0;0;0;4
P5_Sp_HD_fibro_019_mito;5;982.274;936.713;91292;0;5;0;4;1;0;1;0;0;0;0;0;11
P5_Sp_HD_fibro_019_mito;6;1696.465;1251.881;32537;0;2;0;2;0;0;0;0;0;0;0;0;4
P5_Sp_HD_fibro_020_mito;1;792.258;1226.502;63323;0;0;0;3;0;0;0;0;0;0;0;0;3
P5_Sp_HD_fibro_020_mito;2;912.032;1547.671;225826;1;2;6;5;0;0;3;0;2;0;0;0;19
P5_Sp_HD_fibro_021_mito;1;766.322;1817.64;17053;0;0;0;0;0;0;0;0;0;0;0;0;0
P5_Sp_HD_fibro_021_mito;2;799.592;2185.383;10453;0;0;0;1;0;0;0;0;0;0;0;0;1
P5_Sp_HD_fibro_021_mito;3;942.341;1655.273;16642;0;0;0;1;0;0;0;0;0;0;0;0;1
P5_Sp_HD_fibro_021_mito;4;1031.15;1760.521;9152;0;0;0;0;0;0;0;0;0;0;0;0;0
P5_Sp_HD_fibro_021_mito;5;1101.599;2051.46;17363;0;1;0;1;0;0;0;0;0;0;0;0;2
P5_Sp_HD_fibro_021_mito;6;1410.755;1672.127;22189;0;0;0;2;0;0;0;0;0;0;0;0;2
P5_Sp_HD_fibro_021_mito;7;1574.127;1812.663;22433;1;0;4;2;0;0;0;0;0;0;0;0;7
P5_Sp_HD_fibro_021_mito;8;1587.754;1629.864;19081;0;0;0;2;0;0;0;0;0;0;0;0;2
P5_Sp_HD_fibro_021_mito;9;1715.278;1740.302;10454;0;0;0;0;0;0;0;0;0;0;0;0;0
P5_Sp_HD_fibro_021_mito;10;1737.193;1526.311;10122;0;0;0;1;0;0;1;0;0;0;0;0;2
P5_Sp_HD_fibro_022_mito;1;433.506;1842.181;39066;0;0;0;7;0;0;0;0;0;0;0;0;7
P5_Sp_HD_fibro_022_mito;2;613.749;1583.559;30843;0;1;0;4;0;0;0;0;0;0;0;0;5
P5_Sp_HD_fibro_022_mito;3;943.287;1413.566;21177;0;2;0;0;0;0;0;0;0;0;0;0;2
P5_Sp_HD_fibro_022_mito;4;1340.547;1365.508;51959;0;3;2;2;0;0;1;0;0;0;0;0;8
P6_U_HD_fibro_001_mito;1;902.168;3061.132;56706;0;0;0;1;0;0;0;0;0;0;0;0;1
P6_U_HD_fibro_001_mito;2;1456.825;2085.058;164641;0;0;2;0;0;0;0;0;0;0;0;0;2
P6_U_HD_fibro_002_mito;1;1548.697;2718.469;545840;0;3;3;4;0;0;2;0;0;0;0;0;12
P6_U_HD_fibro_002_mito;2;1893.214;1833.267;307313;0;0;5;14;10;0;0;0;0;0;0;0;29
P6_U_HD_fibro_002_mito;3;2146.486;2789.295;176713;0;0;1;0;0;0;0;0;0;1;0;0;2
P6_U_HD_fibro_004_mito;1;1687.918;819.251;127966;0;0;1;2;0;0;1;0;0;0;0;0;4
P6_U_HD_fibro_004_mito;2;1820.07;3017.64;548204;0;0;2;12;2;0;4;0;1;1;0;0;22
P6_U_HD_fibro_005_mito;1;625.21;963.43;53025;0;0;1;3;0;0;1;0;0;0;0;0;5
P6_U_HD_fibro_005_mito;2;905.041;652.362;59231;0;1;1;2;0;0;2;0;0;0;0;0;6
P6_U_HD_fibro_005_mito;3;1278.968;2394.769;45869;0;0;0;4;0;0;0;0;0;0;0;0;4
P6_U_HD_fibro_005_mito;4;1377.106;2714.567;50966;0;1;1;0;0;0;0;0;0;0;0;0;2
P6_U_HD_fibro_005_mito;5;1919.762;1814.519;324981;1;3;2;18;0;2;5;0;0;1;0;0;32
P6_U_HD_fibro_005_mito;6;2301.881;3263.338;65434;0;2;0;0;0;0;0;0;0;0;0;0;2
P6_U_HD_fibro_006_mito;1;1330.263;2385.904;190934;0;0;2;9;3;0;2;0;0;1;0;0;17
P6_U_HD_fibro_006_mito;2;2097.823;2979.949;238667;1;4;6;1;1;0;2;0;0;0;0;0;15
P6_U_HD_fibro_006_mito;3;2402.046;1180.639;35299;0;0;2;1;0;0;0;0;0;0;0;0;3
P6_U_HD_fibro_007_mito;1;1965.809;1595.121;879017;0;0;1;25;0;0;1;0;0;0;0;0;27
P6_U_HD_fibro_007_mito;2;2426.78;2624.859;100129;0;0;0;0;0;0;0;0;0;2;0;0;2
P6_U_HD_fibro_008_mito;1;363.188;1846.244;125886;0;0;2;3;0;0;0;0;0;1;0;0;6
P6_U_HD_fibro_008_mito;2;705.709;1552.939;133402;0;0;0;3;2;0;0;0;0;0;0;0;5
P6_U_HD_fibro_008_mito;3;743.813;807.044;33450;0;0;0;0;0;0;0;0;0;0;0;0;0
P6_U_HD_fibro_008_mito;4;1002.113;899.732;60623;0;0;0;0;0;0;0;0;0;0;0;0;0
P6_U_HD_fibro_008_mito;5;1941.281;2170.351;56625;0;0;0;0;0;0;0;0;0;0;0;0;0
P6_U_HD_fibro_008_mito;6;2386.289;2033.592;135392;0;0;0;4;0;0;0;0;0;0;0;0;4
P7_V_HD_fibro_001_mito;1;261.966;1278.53;32260;0;0;2;2;0;0;0;0;0;0;0;0;4
P7_V_HD_fibro_001_mito;2;508.597;2227.465;21328;0;0;0;0;0;0;0;0;0;0;0;0;0
P7_V_HD_fibro_001_mito;3;932.533;814.292;122931;0;0;2;1;1;0;1;0;0;1;0;0;6
P7_V_HD_fibro_001_mito;4;1457.556;1272.924;10826;0;0;0;0;0;0;0;0;0;0;0;0;0
P7_V_HD_fibro_001_mito;5;1483.919;1416.748;22702;0;0;0;0;0;0;0;0;0;0;0;0;0
P7_V_HD_fibro_002_mito;1;346.711;39.81;25197;0;1;1;2;0;0;2;0;0;0;0;0;6
P7_V_HD_fibro_002_mito;2;601.368;1629.418;33286;0;0;0;2;0;0;2;0;0;0;0;0;4
P7_V_HD_fibro_002_mito;3;645.541;2068.932;59959;0;0;0;7;0;0;0;0;0;0;0;0;7
P7_V_HD_fibro_002_mito;4;900.451;395.162;49991;0;0;0;4;0;0;0;0;0;0;0;0;4
P7_V_HD_fibro_002_mito;5;916.749;78.106;56688;0;0;9;1;2;1;1;0;0;0;0;0;14
P7_V_HD_fibro_002_mito;6;1027.358;1847.893;34387;0;0;0;4;0;0;2;0;0;0;0;0;6
P7_V_HD_fibro_002_mito;7;1044.251;2266.387;31131;0;0;0;3;0;0;1;0;0;0;0;0;4
P7_V_HD_fibro_002_mito;8;1142.12;1351.043;37495;0;0;0;6;0;0;0;0;0;0;0;0;6
P7_V_HD_fibro_002_mito;9;1163.953;460.822;141344;1;0;0;4;1;0;2;0;6;1;0;0;15
P7_V_HD_fibro_002_mito;10;1320.972;2234.778;43672;0;0;1;1;0;0;2;0;0;0;0;0;4
P7_V_HD_fibro_002_mito;11;1476.299;559.733;51046;0;0;2;2;0;0;0;0;1;0;0;0;5
P7_V_HD_fibro_003_mito;1;274.866;1175.167;32691;0;0;0;0;0;0;0;0;0;0;0;0;0
P7_V_HD_fibro_003_mito;2;654.298;904.449;58636;0;0;0;0;0;0;0;0;8;0;0;0;8
P7_V_HD_fibro_003_mito;3;694.548;1404.129;163246;1;0;5;7;0;0;5;0;0;1;0;0;19
P7_V_HD_fibro_003_mito;4;848.76;2054.066;87814;0;1;1;2;0;0;1;0;2;0;0;0;7
P7_V_HD_fibro_003_mito;5;1264.814;1189.481;57444;0;0;0;8;0;0;0;0;0;0;0;0;8
P7_V_HD_fibro_003_mito;6;1285.722;1583.194;40237;0;0;3;0;0;0;0;0;2;1;0;0;6
P7_V_HD_fibro_004_mito;1;502.937;1223.972;302762;0;0;5;2;0;0;1;0;1;0;0;0;9
P7_V_HD_fibro_004_mito;2;1127.074;1534.035;472289;0;0;7;6;0;0;4;0;0;1;0;0;18
P7_V_HD_fibro_005_mito;1;915.196;1891.676;404672;1;0;0;4;0;0;1;0;0;0;0;0;6
P7_V_HD_fibro_005_mito;2;1216.467;1192.522;160740;0;0;8;0;0;0;4;0;0;0;0;0;12
P7_V_HD_fibro_007_mito;1;512.454;1032.096;36977;0;0;1;1;0;0;1;0;0;1;0;0;4
P7_V_HD_fibro_007_mito;2;1082.428;842.397;29984;0;0;0;0;0;0;0;0;0;1;0;0;1
P7_V_HD_fibro_007_mito;3;1291.784;665.891;79273;0;1;0;1;0;0;1;0;0;0;0;0;3
P7_V_HD_fibro_007_mito;4;1479.959;1389.028;153651;0;5;5;8;0;0;4;0;0;0;0;0;22
P7_V_HD_fibro_008_mito_2;1;239.181;925.792;23825;1;0;0;1;0;0;0;0;0;0;0;0;2
P7_V_HD_fibro_008_mito_2;2;260.404;1976.282;80957;0;0;0;6;0;2;5;0;0;5;0;0;18
P7_V_HD_fibro_008_mito_2;3;912.929;243.265;69824;0;0;4;1;2;1;3;0;0;0;0;0;11
P7_V_HD_fibro_008_mito_2;4;967.735;2259.151;35577;0;0;5;4;0;0;0;0;0;0;0;0;9
P7_V_HD_fibro_008_mito_2;5;1040.697;989.304;103429;0;0;1;9;0;0;0;0;0;0;0;0;10
P7_V_HD_fibro_008_mito_2;6;1288.555;1905.79;32415;0;0;4;0;0;1;0;0;4;0;0;0;9
P7_V_HD_fibro_008_mito_2;7;1714.954;1848.83;21706;0;0;0;2;0;0;0;0;0;0;0;0;2
P7_V_HD_fibro_009_mito;1;187.869;1494.075;37071;0;0;0;2;0;0;0;0;0;0;0;0;2
P7_V_HD_fibro_009_mito;2;527.577;445.122;35552;0;0;0;0;0;0;0;0;0;0;0;0;0
P7_V_HD_fibro_009_mito;3;556.617;1691.73;39734;0;0;0;5;0;0;0;0;0;0;0;0;5
P7_V_HD_fibro_009_mito;4;668.081;770.78;20534;0;0;0;0;0;0;0;0;0;0;0;0;0
P7_V_HD_fibro_009_mito;5;894.88;2369.176;19170;0;0;0;1;0;0;1;0;0;0;0;0;2
P7_V_HD_fibro_009_mito;6;1280.034;951.789;208170;10;2;6;6;2;1;3;0;0;2;0;0;32
P7_V_HD_fibro_009_mito;7;1332.27;1638.323;62294;0;1;0;2;0;0;0;0;0;0;0;0;3
P7_V_HD_fibro_00_mito;1;275.209;1610.313;33230;0;0;0;1;0;0;0;0;0;0;0;0;1
P7_V_HD_fibro_00_mito;2;638.19;553.918;99302;1;1;1;3;0;0;2;0;0;0;0;0;8
P7_V_HD_fibro_00_mito;3;638.217;369.472;33073;0;0;0;0;0;0;0;0;0;0;0;0;0
P7_V_HD_fibro_00_mito;4;733.327;2045.773;199155;2;1;7;0;0;0;1;0;0;2;0;0;13
P7_V_HD_fibro_00_mito;5;925.855;1381.341;65536;0;0;3;1;0;0;0;0;0;0;0;0;4
P7_V_HD_fibro_00_mito;6;995.313;836.294;66496;0;0;0;1;0;0;7;0;0;0;0;0;8
P7_V_HD_fibro_010_mito;1;417.993;1991.285;13695;0;2;0;0;0;0;0;0;0;1;0;0;3
P7_V_HD_fibro_010_mito;2;571.372;1463.252;9084;0;0;0;2;0;0;0;0;0;0;0;0;2
P7_V_HD_fibro_010_mito;3;821.151;1435.181;13908;2;1;0;2;0;0;0;0;0;0;0;0;5
P7_V_HD_fibro_010_mito;4;868.05;275.608;14971;0;0;4;1;1;0;0;0;0;0;0;0;6
P7_V_HD_fibro_010_mito;5;946.395;1787.558;3425;0;0;0;1;0;0;0;0;0;0;0;0;1
P7_V_HD_fibro_010_mito;6;978.177;554.136;85081;7;4;2;6;0;1;1;0;0;0;0;0;21
P7_V_HD_fibro_010_mito;7;1094.597;566.277;8471;0;0;0;2;0;0;0;0;0;0;0;0;2
P7_V_HD_fibro_010_mito;8;1110.702;1778.936;32240;0;1;3;10;0;0;2;0;0;0;0;0;16
P7_V_HD_fibro_010_mito;9;1678.284;1248.019;45626;0;3;1;3;2;0;2;2;0;0;0;0;13
P7_V_HD_fibro_011_mito;1;725.373;933.469;83904;1;0;0;2;0;0;3;0;0;0;0;0;6
P7_V_HD_fibro_011_mito;2;1353.617;1765.576;183718;1;0;6;4;0;0;6;0;0;0;0;0;17
P8_P_HD_fibro_011_mito;1;834.179;845.621;147661;0;0;4;5;0;0;0;0;0;0;0;0;9
P8_P_HD_fibro_011_mito;2;1556.112;790.572;91380;0;0;2;7;2;0;4;0;0;0;0;0;15
P8_P_HD_fibro_012_mito;1;676.765;824.041;75568;1;0;6;5;0;0;5;0;0;1;0;0;18
P8_P_HD_fibro_012_mito;2;1465.812;816.355;38236;1;0;3;1;0;0;1;0;0;2;0;0;8
P8_P_HD_fibro_013_mito;1;1474.032;1755.943;282800;0;0;4;3;1;0;2;0;0;1;0;0;11
P8_P_HD_fibro_014_mito;1;992.763;1122.93;189787;0;1;0;2;0;0;2;0;0;0;0;0;5
P8_P_HD_fibro_015_25_mito;1;1131.452;1309.533;75018;0;0;2;0;0;0;2;0;0;1;0;0;5
P8_P_HD_fibro_015_25_mito;2;1595.706;673.201;43181;0;0;0;0;0;0;0;0;0;1;0;0;1
P8_P_HD_fibro_016_mito;1;958.761;1393.476;544611;0;1;4;3;0;1;4;0;0;4;0;0;17
P9_D_HD_fibro_001_mito;1;658.183;1492.956;141924;0;3;0;2;0;0;2;0;0;0;0;0;7
P9_D_HD_fibro_002_mito;1;394.599;1804.248;20957;0;0;0;0;0;0;0;0;0;0;0;0;0
P9_D_HD_fibro_002_mito;2;535.349;1506.894;32973;0;0;2;3;0;0;0;0;0;0;0;0;5
P9_D_HD_fibro_002_mito;3;630.199;2272.2;20409;0;0;0;2;0;0;0;0;0;0;0;0;2
P9_D_HD_fibro_002_mito;4;830.602;1508.169;23460;0;1;0;0;0;0;0;0;0;0;0;0;1
P9_D_HD_fibro_002_mito;5;933.33;1277.96;14213;0;2;0;0;0;0;0;0;0;0;0;0;2
P9_D_HD_fibro_002_mito;6;1460.775;1381.38;24852;0;0;0;0;0;0;0;0;0;0;0;0;0
P9_D_HD_fibro_002_mito;7;1477.692;301.067;28062;0;0;0;0;0;0;2;0;0;0;0;0;2
P9_D_HD_fibro_003_mito;1;190.547;939.351;25519;1;0;0;3;0;0;1;0;0;1;0;0;6
P9_D_HD_fibro_003_mito;2;343.428;1209.787;30087;0;1;0;2;0;0;0;0;0;0;0;0;3
P9_D_HD_fibro_003_mito;3;483.294;1042.125;64416;0;4;2;3;0;0;0;0;0;0;0;0;9
P9_D_HD_fibro_003_mito;4;785.478;1458.876;67524;3;3;0;2;0;0;3;0;0;0;0;0;11
P9_D_HD_fibro_003_mito;5;1050.263;1055.702;30108;0;0;0;3;0;0;0;0;0;0;0;0;3
P9_D_HD_fibro_003_mito;6;1578.378;1418.612;34349;0;1;2;4;0;0;0;0;0;0;0;0;7
P9_D_HD_fibro_004_mito;1;888.295;1567.373;21281;0;1;0;2;0;0;1;0;0;1;0;0;5
P9_D_HD_fibro_004_mito;2;1045.482;1591.503;12406;0;0;0;0;0;0;0;0;0;0;0;0;0
P9_D_HD_fibro_004_mito;3;1230.956;2228.746;7374;0;0;0;0;0;0;0;0;0;0;0;0;0
P9_D_HD_fibro_005_mito;1;548.074;800.651;90603;2;0;2;0;0;0;0;0;0;3;0;0;7
P9_D_HD_fibro_005_mito;2;844.537;1297.34;219379;3;0;4;4;0;0;1;0;0;3;0;0;15
P9_D_HD_fibro_005_mito;3;1261.002;421.149;42007;0;0;0;1;0;0;0;0;0;1;0;0;2
P9_D_HD_fibro_006_mito;1;792.447;691.325;139450;0;9;0;1;0;0;0;0;0;0;0;0;10
P9_D_HD_fibro_006_mito;2;796.595;1468.67;21596;0;3;0;0;0;0;0;0;0;0;0;0;3
P9_D_HD_fibro_006_mito;3;874.312;2035.536;127039;0;0;0;4;0;0;0;0;0;0;0;0;4
P9_D_HD_fibro_007_mito;1;510.972;569.361;24309;0;1;0;4;0;0;0;0;0;0;0;0;5
P9_D_HD_fibro_007_mito;2;538.042;1144.535;10195;0;0;0;0;0;0;0;0;0;1;0;0;1
P9_D_HD_fibro_007_mito;3;608.959;306.436;17220;0;0;1;3;0;0;0;0;0;0;0;0;4
P9_D_HD_fibro_007_mito;4;698.936;1666.02;16175;0;0;0;0;0;0;0;0;1;0;0;0;1
P9_D_HD_fibro_007_mito;5;998.866;1370.94;8551;0;0;0;0;0;0;0;0;0;0;0;0;0
P9_D_HD_fibro_007_mito;6;1286.666;2226.94;12350;0;0;0;0;0;0;0;0;0;0;0;0;0
C1_fibroV1535_20000x1A_mito;1;135.951;446.681;5891;0;0;0;0;0;0;0;0;0;0;0;0;0
C1_fibroV1535_20000x1A_mito;2;493.437;791.252;4667;0;0;0;0;0;0;0;0;0;0;0;0;0
C1_fibroV1535_20000x1A_mito;3;498.033;72.406;11774;0;1;0;0;1;0;0;0;0;0;0;0;2
C1_fibroV1535_20000x1A_mito;4;687.583;431.464;19128;0;4;0;1;0;0;0;0;0;0;0;0;5
C1_fibroV1535_20000x1A_mito;5;707.121;827.533;3167;0;0;0;0;0;0;0;0;0;0;0;0;0
C1_fibroV1535_20000x1A_mito;6;718.59;767.266;20745;0;3;3;4;3;0;0;0;0;0;0;0;13
C1_fibroV1535_20000x1A_mito;7;755.248;974.413;27377;0;5;0;2;1;0;0;0;2;0;0;0;10
C1_fibroV1535_20000x1A_mito;8;792.912;1148.779;11875;0;1;0;3;0;0;0;0;2;0;0;0;6
C1_fibroV1535_20000x1A_mito;9;867.599;79.388;10288;1;0;0;3;0;0;0;0;0;0;0;0;4
C1_fibroV1535_20000x1A_mito;10;1077.691;691.615;4494;0;0;0;0;0;0;0;0;0;0;0;0;0
C1_fibroV1535_20000x1A_mito;11;1398.777;1805.08;54615;1;5;3;7;0;0;3;0;4;0;0;0;23
C1_fibroV1535_20000x1A_mito;12;1449.506;1047.716;15614;0;2;0;1;0;0;1;0;0;0;0;0;4
C1_fibroV1535_20000x1A_mito;13;1657.811;1436.521;21638;0;1;2;4;0;0;2;0;0;0;0;0;9
C1_fibroV1535_20000x1A_mito;14;1729.097;1722.51;5668;0;0;0;1;0;0;0;0;0;0;0;0;1
C1_fibroV1535_25000x5A_mito;1;1152.145;562.706;27965;0;0;0;7;0;0;1;0;0;0;0;0;8
C1_fibroV1535_25000x5A_mito;2;1342.969;902.504;39229;5;4;1;6;0;1;3;0;0;0;0;0;20
C1_fibroV1535_25000x5A_mito;3;1404.337;1203.57;21346;2;0;0;7;0;0;0;0;0;0;0;0;9
C1_fibroV1535_25000x5A_mito;4;1404.872;1656.153;10929;0;2;0;2;0;0;0;0;0;0;0;0;4
C1_fibroV1535_25000x5A_mito;5;1430.337;83.761;23422;1;1;1;5;0;0;1;0;0;2;0;0;11
C1_fibroV1535_25000xA_mito;1;379.081;1687.555;93148;5;2;15;5;4;0;6;0;0;0;0;0;37
C1_fibroV1535_25000xA_mito;2;562.111;474.473;12479;0;0;1;0;0;0;0;0;0;0;0;0;1
C1_fibroV1535_25000xA_mito;3;1155.448;973.109;77714;5;1;7;7;0;0;7;0;0;2;0;0;29
C1_fibroV1535_25000xA_mito;4;1214.896;343.672;45620;3;4;0;2;0;0;2;0;0;0;0;0;11
C1_fibroV1535_25000xA_mito;5;1223.393;797.019;19054;0;0;1;2;0;0;2;0;0;0;0;0;5
C1_fibroV1535_25000xA_mito;6;1465.656;1617.699;10920;0;1;0;1;0;0;0;0;0;0;0;0;2
C1_fibroV1535_25000xA_mito;7;1652.702;1832.063;12670;0;0;0;2;0;0;1;0;0;0;0;0;3
C1_fibroV1535_25000xA_mito;8;1664.916;1719.58;45926;0;4;1;1;0;0;2;0;0;0;0;0;8
C1_fibroV1535_25000xA_mito;9;1817.615;859.221;23175;1;0;2;0;0;0;1;0;0;0;0;0;4
C1_fibroV1535_30000x4A_mito;1;479.792;1371.585;110297;1;3;3;11;1;0;4;0;0;0;0;0;23
C1_fibroV1535_30000x4A_mito;2;1024.496;199.131;14692;0;1;0;1;0;0;0;0;0;2;0;0;4
C1_fibroV1535_30000xA_mito;1;207.069;1078.212;1394;0;0;0;0;0;0;0;0;2;0;0;0;2
C1_fibroV1535_30000xA_mito;2;793.337;899.17;32085;1;0;1;3;0;0;1;0;0;0;0;0;6
C1_fibroV1535_30000xA_mito;3;1283.771;1086.158;33434;0;0;6;1;0;0;1;0;0;0;0;0;8
C1_fibroV1535_30000xA_mito;4;1296.24;781.916;37840;0;0;5;2;0;1;0;0;0;0;0;0;8
C1_fibroV1535_30000xA_mito_2;1;238.337;797.803;6814;0;0;0;0;0;0;0;0;0;0;0;0;0
C1_fibroV1535_30000xA_mito_2;2;253.947;921.162;33030;0;0;0;8;0;0;0;0;0;0;0;0;8
C1_fibroV1535_30000xA_mito_2;3;331.485;1027.372;18538;0;1;0;0;0;0;0;0;0;0;0;0;1
C1_fibroV1535_30000xA_mito_2;4;540.278;761.478;8945;0;0;0;0;0;0;0;0;0;0;0;0;0
C1_fibroV1535_30000xA_mito_2;5;782.061;958.913;63623;1;1;3;3;1;0;1;0;0;0;0;0;10
C1_fibroV1535_30000xA_mito_2;6;1341.627;946.561;32039;2;0;0;2;0;0;0;0;0;3;0;0;7
C1_fibroV1535_30000xA_mito_2;7;1836.404;847.428;47271;0;0;4;5;0;0;0;0;0;0;0;0;9
C1_fibroV1535_30000xA_mito_3;1;887.11;1130.94;17368;0;0;3;0;0;0;0;0;0;0;0;0;3
C1_fibroV1535_30000xA_mito_3;2;1106.629;863.651;55692;0;1;1;6;0;1;1;0;0;0;0;0;10
C1_fibroV1535_30000xA_mito_3;3;1715.749;723.85;12447;0;0;0;1;0;0;0;0;0;0;0;0;1
C1_fibroV1535_30000xA_mito_3;4;1874.438;63.983;18325;0;0;0;0;0;1;0;0;0;0;0;0;1
C1_fibroV1535_30000xA_mito_3;5;1961.674;1241.287;19779;0;0;1;1;0;0;2;0;0;0;0;0;4
C1_fibroV1535_30000xA_mito_3;6;1991.81;653.373;11908;0;0;0;0;0;0;0;0;0;0;0;0;0
C1_fibroV1535_40000x1A_mito;1;351.87;1999.914;4147;0;0;0;1;0;0;0;0;0;0;0;0;1
C1_fibroV1535_40000x1A_mito;2;631.805;1087.516;37682;0;0;0;5;0;0;0;0;0;0;0;0;5
C1_fibroV1535_40000x1A_mito;3;862.553;1772.618;6128;0;0;0;0;0;0;0;0;0;0;0;0;0
C1_fibroV1535_40000x1A_mito;4;1300.685;246.279;24474;0;0;4;0;0;0;0;0;0;1;0;0;5
C1_fibroV1535_40000x1A_mito;5;1444.162;763.929;116338;1;2;3;7;0;0;1;0;0;0;0;0;14
C1_fibroV1535_40000x1A_mito;6;1844.858;271.812;44617;0;0;1;6;0;0;0;0;0;0;0;0;7
C1_fibroV1535_50000x1A_mito;1;284.612;1696.087;102563;2;0;2;2;0;0;3;0;0;0;0;0;9
C1_fibroV1535_50000x1A_mito;2;549.054;1373.337;43913;0;0;1;0;0;0;3;0;0;0;0;0;4
C1_fibroV1535_50000x1A_mito;3;636.498;611.038;107449;0;1;2;2;0;0;7;0;0;0;0;0;12
C1_fibroV1535_50000x1A_mito;4;874.442;454.222;18315;0;0;0;0;0;0;0;0;0;0;0;0;0
C1_fibroV1535_50000x1A_mito;5;1158.283;1023.043;88067;4;0;6;3;0;0;3;0;0;0;0;0;16
C1_fibroV1535_50000x1A_mito;6;1458.66;264.3;45077;1;0;3;0;0;0;0;0;0;0;0;0;4