image_name;mitochondria_count;total_cristae;class_2000;class_3000;class_4000;class_5000;class_6000;class_7000;class_8000;class_9000;class_10000;class_11000;class_12000;class_13000
C2_002_30000x_mito;4;25;2;0;6;14;0;0;2;0;1;0;0;0
C2_006_20000x_mito;3;14;0;0;7;3;1;0;1;0;2;0;0;0
C2_011_30000x_mito;3;19;0;2;4;7;2;0;4;0;0;0;0;0
C2_016_25000x_mito;6;28;1;4;3;13;0;0;1;0;5;1;0;0
C2_024_30000x_mito;6;68;5;5;12;24;6;0;15;0;0;1;0;0
C2_030_30000x_mito;3;23;1;4;2;8;0;1;4;2;0;1;0;0
C2_039_25000x_mito;15;96;8;19;17;37;3;2;6;0;0;4;0;0
P10_R_HD_fibro_001_mito;1;4;0;1;0;0;0;0;3;0;0;0;0;0
P10_R_HD_fibro_002_mito;2;17;0;0;6;7;0;0;4;0;0;0;0;0
P10_R_HD_fibro_003_mito;2;20;0;3;6;5;1;3;2;0;0;0;0;0
P10_R_HD_fibro_004_mito;2;53;4;6;13;17;3;3;6;0;0;1;0;0
P10_R_HD_fibro_005_mito;2;7;1;2;0;3;0;0;1;0;0;0;0;0
P10_R_HD_fibro_006_mito;4;9;0;1;0;7;0;0;0;0;0;1;0;0
P10_R_HD_fibro_007_mito;2;12;0;1;1;5;0;0;5;0;0;0;0;0
P10_R_HD_fibro_009_mito;4;35;2;5;6;14;4;0;3;0;0;1;0;0
P10_R_HD_fibro_010_mito;3;52;8;3;7;16;0;2;15;0;0;1;0;0
P1_F_HD_fibro_001_500x_mito;5;20;0;0;11;6;2;0;1;0;0;0;0;0
P1_F_HD_fibro_002_200x_mito;6;8;0;0;0;4;1;0;3;0;0;0;0;0
P1_F_HD_fibro_004_200x_mito;4;25;0;0;2;15;3;0;5;0;0;0;0;0
P1_F_HD_fibro_005_200x_mito;1;8;0;0;3;1;0;0;4;0;0;0;0;0
P1_F_HD_fibro_006_200x_mito;3;37;1;0;11;18;0;0;6;0;0;1;0;0
P1_F_HD_fibro_007_200x_mito;11;51;0;0;20;8;3;10;3;0;0;0;7;0
P2_N_HD_fibro_002_500x_mito;15;121;6;3;35;31;3;1;28;0;0;14;0;0
P2_N_HD_fibro_003_mito;4;6;0;0;0;1;2;0;3;0;0;0;0;0
P2_N_HD_fibro_004_mito;4;28;0;4;3;10;1;1;7;0;0;2;0;0
P2_N_HD_fibro_005_mito;3;12;0;0;5;4;0;0;3;0;0;0;0;0
P2_N_HD_fibro_006_mito;2;8;0;0;0;4;0;0;2;0;0;2;0;0
P2_N_HD_fibro_008_500x_mito;4;38;0;4;9;12;0;2;10;0;0;1;0;0
P2_N_HD_fibro_010_mito;3;20;0;0;3;16;0;0;1;0;0;0;0;0
P2_N_HD_fibro_011_mito;4;16;2;0;6;6;0;0;2;0;0;0;0;0
P2_N_HD_fibro_012_mito;4;16;0;0;6;7;2;0;1;0;0;0;0;0
P3_P_HD_fibro_001_mito;5;35;2;0;15;5;0;1;11;0;0;1;0;0
P3_P_HD_fibro_002_mito;3;59;2;4;9;11;0;0;28;0;0;5;0;0
P3_P_HD_fibro_003_mito;5;23;1;3;2;11;0;1;4;0;1;0;0;0
P3_P_HD_fibro_004_mito;2;22;0;4;0;3;0;4;5;0;3;3;0;0
P3_P_HD_fibro_005_mito;4;15;1;0;2;4;0;0;5;0;0;3;0;0
P3_P_HD_fibro_006_mito;2;16;1;0;2;7;0;0;5;0;0;1;0;0
P3_P_HD_fibro_007_mito;7;54;7;4;11;20;1;0;11;0;0;0;0;0
P3_P_HD_fibro_008_mito;1;25;0;0;8;7;2;0;8;0;0;0;0;0
P3_P_HD_fibro_009_mito;2;25;3;0;1;6;0;0;15;0;0;0;0;0
P4_S_HD_fibro_011_mito;4;24;1;3;9;6;0;0;5;0;0;0;0;0
P4_S_HD_fibro_012_mito;4;23;0;0;2;5;2;0;11;0;2;1;0;0
P4_S_HD_fibro_013_mito;2;37;0;0;11;7;0;0;13;0;0;6;0;0
P4_S_HD_fibro_014_mito;12;72;4;0;26;12;0;1;23;0;3;3;0;0
P4_S_HD_fibro_015_mito;1;19;0;6;2;0;0;0;11;0;0;0;0;0
P4_S_HD_fibro_016_mito;2;28;0;0;9;0;0;0;11;2;0;6;0;0
P4_S_HD_fibro_017_mito;6;54;8;0;27;3;0;0;13;0;0;3;0;0
P4_S_HD_fibro_018_mito;2;7;0;0;1;3;2;0;1;0;0;0;0;0
P4_S_HD_fibro_019_mito;11;73;6;2;39;11;0;0;15;0;0;0;0;0
P5_Sp_HD_fibro_012_mito;12;63;2;5;6;32;3;0;12;0;3;0;0;0
P5_Sp_HD_fibro_013_mito;5;20;0;0;10;5;0;0;5;0;0;0;0;0
P5_Sp_HD_fibro_014_mito;2;12;0;5;1;6;0;0;0;0;0;0;0;0
P5_Sp_HD_fibro_015_mito;13;54;0;24;7;18;0;0;3;0;2;0;0;0
P5_Sp_HD_fibro_016_mito;2;36;0;8;8;13;1;0;5;0;1;0;0;0
P5_Sp_HD_fibro_017_mito;2;10;0;1;1;5;0;0;1;0;2;0;0;0
P5_Sp_HD_fibro_018_mito;9;6;0;0;0;6;0;0;0;0;0;0;0;0
P5_Sp_HD_fibro_019_mito;6;30;0;12;2;14;1;0;1;0;0;0;0;0
P5_Sp_HD_fibro_020_mito;2;22;1;2;6;8;0;0;3;0;2;0;0;0
P5_Sp_HD_fibro_021_mito;10;17;1;1;4;10;0;0;1;0;0;0;0;0
P5_Sp_HD_fibro_022_mito;4;22;0;6;2;13;0;0;1;0;0;0;0;0
P6_U_HD_fibro_001_mito;2;3;0;0;2;1;0;0;0;0;0;0;0;0
P6_U_HD_fibro_002_mito;3;43;0;3;9;18;10;0;2;0;0;1;0;0
P6_U_HD_fibro_004_mito;2;26;0;0;3;14;2;0;5;0;1;1;0;0
P6_U_HD_fibro_005_mito;6;51;1;7;5;27;0;2;8;0;0;1;0;0
P6_U_HD_fibro_006_mito;3;35;1;4;10;11;4;0;4;0;0;1;0;0
P6_U_HD_fibro_007_mito;2;29;0;0;1;25;0;0;1;0;0;2;0;0
P6_U_HD_fibro_008_mito;6;15;0;0;2;10;2;0;0;0;0;1;0;0
P7_V_HD_fibro_001_mito;5;10;0;0;4;3;1;0;1;0;0;1;0;0
P7_V_HD_fibro_002_mito;11;75;1;1;13;36;3;1;12;0;7;1;0;0
P7_V_HD_fibro_003_mito;6;48;1;1;9;17;0;0;6;0;12;2;0;0
P7_V_HD_fibro_004_mito;2;27;0;0;12;8;0;0;5;0;1;1;0;0
P7_V_HD_fibro_005_mito;2;18;1;0;8;4;0;0;5;0;0;0;0;0
P7_V_HD_fibro_007_mito;4;30;0;6;6;10;0;0;6;0;0;2;0;0
P7_V_HD_fibro_008_mito_2;7;61;1;0;14;23;2;4;8;0;4;5;0;0
P7_V_HD_fibro_009_mito;7;44;10;3;6;16;2;1;4;0;0;2;0;0
P7_V_HD_fibro_00_mito;6;34;3;2;11;6;0;0;10;0;0;2;0;0
P7_V_HD_fibro_010_mito;9;69;9;11;10;27;3;1;5;2;0;1;0;0
P7_V_HD_fibro_011_mito;2;23;2;0;6;6;0;0;9;0;0;0;0;0
P8_P_HD_fibro_011_mito;2;24;0;0;6;12;2;0;4;0;0;0;0;0
P8_P_HD_fibro_012_mito;2;26;2;0;9;6;0;0;6;0;0;3;0;0
P8_P_HD_fibro_013_mito;1;11;0;0;4;3;1;0;2;0;0;1;0;0
P8_P_HD_fibro_014_mito;1;5;0;1;0;2;0;0;2;0;0;0;0;0
P8_P_HD_fibro_015_25_mito;2;6;0;0;2;0;0;0;2;0;0;2;0;0
P8_P_HD_fibro_016_mito;1;17;0;1;4;3;0;1;4;0;0;4;0;0
P9_D_HD_fibro_001_mito;1;7;0;3;0;2;0;0;2;0;0;0;0;0
P9_D_HD_fibro_002_mito;7;12;0;3;2;5;0;0;2;0;0;0;0;0
P9_D_HD_fibro_003_mito;6;39;4;9;4;17;0;0;4;0;0;1;0;0
P9_D_HD_fibro_004_mito;3;5;0;1;0;2;0;0;1;0;0;1;0;0
P9_D_HD_fibro_005_mito;3;24;5;0;6;5;0;0;1;0;0;7;0;0
P9_D_HD_fibro_006_mito;3;17;0;12;0;5;0;0;0;0;0;0;0;0
P9_D_HD_fibro_007_mito;6;11;0;1;1;7;0;0;0;0;1;1;0;0
C1_fibroV1535_20000x1A_mito;14;77;2;22;8;26;5;0;6;0;8;0;0;0
C1_fibroV1535_25000x5A_mito;5;52;8;7;2;27;0;1;5;0;0;2;0;0
C1_fibroV1535_25000xA_mito;9;100;14;12;27;20;4;0;21;0;0;2;0;0
C1_fibroV1535_30000x4A_mito;2;27;1;4;3;12;1;0;4;0;0;2;0;0
C1_fibroV1535_30000xA_mito;4;24;1;0;12;6;0;1;2;0;2;0;0;0
C1_fibroV1535_30000xA_mito_2;7;35;3;2;7;18;1;0;1;0;0;3;0;0
C1_fibroV1535_30000xA_mito_3;6;19;0;1;5;8;0;2;3;0;0;0;0;0
C1_fibroV1535_40000x1A_mito;6;32;1;2;8;19;0;0;1;0;0;1;0;0
C1_fibroV1535_50000x1A_mito;6;45;7;1;14;7;0;0;16;0;0;0;0;0